BI;V1111111111111111a3d;Laura
BI;V1111111111111111ace;Laura
CL;V11111111111111112cc;Antonio
CL;V1111111111111111379;Eloisa
CL;V11111111111111113a0;Eloisa
CL;V11111111111111113c2;Antonio
CS;V11111111111111119f1;Leo
CS;V11111111111111119f7;Anna
CS;V1111111111111111a0e;Justine
CS;V1111111111111111a23;Sebas
CS;V1111111111111111aa7;Sebas
CS;V1111111111111111aba;Jesus
Other_Dept;V11111111111111111f8;OtherUser00
Other_Dept;V11111111111111111f9;OtherUser01
Other_Dept;V11111111111111111fa;OtherUser02
Other_Dept;V11111111111111111fb;OtherUser02
Other_Dept;V1111111111111111b75;OtherUser02
RN;V111111111111111195f;Anne
RN;V11111111111111119a9;Marga
RN;V1111111111111111a27;Sandra
RN;V1111111111111111a71;Sandra
VE;V111111111111111123a;Laura
VE;V1111111111111111b3d;Jose
VE;V1111111111111111b5a;Maria
VE;V1111111111111111b5a;Pepe
yy;V1111111111111111262;agent3
yy;V111111111111111126c;OtherUser02
yy;V1111111111111111274;agent4
yy;V1111111111111111a8d;agent4
zz;V111111111111111150f;gestion08
zz;V111111111111111162f;departament02
zz;V11111111111111116a0;gestion02
zz;V11111111111111116d1;gestion01
zz;V11111111111111119c0;Laura
zz;V11111111111111119cf;department05
